{"cameraMode":{"drawMode":0,"name":"Shaded","section":"Shading Mode"},"sceneLighting":true,"audioPlay":false,"sceneViewState":{"showFog":true,"showMaterialUpdate":false,"showSkybox":true,"showFlares":true,"showImageEffects":true,"showParticleSystems":true},"in2DMode":false,"pivot":{"x":-0.47696971893310549,"y":0.278292715549469,"z":1.003227710723877},"rotation":{"x":-0.07675277441740036,"y":0.7694973945617676,"z":-0.09419852495193482,"w":-0.6269845366477966},"size":3.4626948833465578,"orthographic":false}